{"N_mic": 4, "N_edge_sub": 3, "N_edge_prod": 3, "N_edge": 3, "N_unbalanced": 2, "N_enzyme": 3, "N_phosphorylation": 0, "N_pme": 0, "N_competitive_inhibition": 1, "N_allostery": 2, "N_allosteric_enzyme": 2, "N_drain": 0, "N_km": 5, "N_sub_km": 3, "N_prod_km": 2, "S": [[-1, 0, 0], [1, -1, 0], [0, 1, -1], [0, 0, 1]], "N_reaction": 3, "N_metabolite": 2, "balanced_mic_ix": [2, 3], "unbalanced_mic_ix": [1, 4], "ci_mic_ix": [2], "edge_type": [1, 2, 1], "edge_to_enzyme": [1, 2, 3], "edge_to_tc": [1, 2, 0], "edge_to_drain": [0, 0, 0], "edge_to_reaction": [1, 2, 3], "water_stoichiometry": [0.0, 0.0, 0.0], "transported_charge": [0.0, 0.0, 1.0], "mic_to_met": [1, 1, 2, 2], "subunits": [1, 1, 1], "sub_by_edge_long": [1, 2, 3], "sub_by_edge_bounds": [[1, 1], [2, 2], [3, 3]], "prod_by_edge_long": [2, 3, 4], "prod_by_edge_bounds": [[1, 1], [2, 2], [3, 3]], "sub_km_ix_by_edge_long": [1, 3, 4], "sub_km_ix_by_edge_bounds": [[1, 1], [2, 2], [3, 3]], "prod_km_ix_by_edge_long": [2, 5], "prod_km_ix_by_edge_bounds": [[1, 1], [2, 1], [2, 2]], "ci_ix_long": [1], "ci_ix_bounds": [[1, 0], [1, 1], [2, 1]], "allostery_ix_long": [1, 2], "allostery_ix_bounds": [[1, 1], [2, 2], [3, 2]], "allostery_type": [1, 2], "allostery_mic": [3, 2], "phosphorylation_ix_long": [], "phosphorylation_ix_bounds": [[1, 0], [1, 0], [1, 0]], "phosphorylation_type": [], "phosphorylation_pme": [], "N_dgf_fixed": 1, "dgf_fixed": [-1.0], "ix_dgf_free": [2], "ix_dgf_fixed": [1], "priors_km": [[0.0, 0.0, 0.0, 0.0, 0.0], [0.6, 0.6, 0.6, 0.6, 0.6]], "priors_ki": [[0.0], [0.6]], "priors_kcat": [[0.0, 0.0, 0.0], [0.6, 0.6, 0.6]], "priors_dissociation_constant": [[0.0, 0.0], [0.6, 0.6]], "priors_transfer_constant": [[0.0, 0.0], [0.6, 0.6]], "priors_kcat_pme": [[], []], "priors_drain_train": [[[]], [[]]], "priors_conc_enzyme_train": [[[0.5, 0.5, 0.5], [0.5, 0.5, 0.5]], [[1.0, 1.0, 1.0], [1.0, 1.0, 1.0]]], "priors_conc_unbalanced_train": [[[-2.3, -2.3], [-2.3, -2.3]], [[2.0, 2.0], [2.0, 2.0]]], "priors_conc_pme_train": [[[]], [[]]], "priors_psi_train": [[-0.95, -0.95], [0.2, 0.2]], "prior_loc_dgf": [-1.0, -2.0], "prior_cov_dgf": [[0.05, 0.0], [0.0, 0.05]], "N_experiment_train": 2, "N_flux_measurement_train": 2, "N_enzyme_measurement_train": 6, "N_conc_measurement_train": 7, "N_enzyme_knockout_train": 0, "N_pme_knockout_train": 0, "temperature_train": [299.0, 298.15], "enzyme_knockout_train_long": [], "enzyme_knockout_train_bounds": [[1, 0], [1, 0]], "pme_knockout_train_long": [], "pme_knockout_train_bounds": [[1, 0], [1, 0]], "yconc_train": [0.59, 1.09, 1.05, 0.54, 0.38, 1.12, 1.14], "sigma_yconc_train": [0.1, 0.05, 0.05, 0.1, 0.1, 0.05, 0.05], "experiment_yconc_train": [1, 1, 1, 2, 2, 2, 2], "mic_ix_yconc_train": [2, 1, 4, 2, 3, 1, 4], "yflux_train": [0.19, 0.39], "sigma_yflux_train": [0.1, 0.1], "experiment_yflux_train": [1, 2], "reaction_yflux_train": [3, 3], "yenz_train": [1.5, 1.5, 1.5, 1.5, 1.5, 1.5], "sigma_yenz_train": [0.1, 0.1, 0.1, 0.1, 0.1, 0.1], "experiment_yenz_train": [1, 1, 1, 2, 2, 2], "enzyme_yenz_train": [1, 2, 3, 1, 2, 3], "likelihood": 1, "drain_small_conc_corrector": 1e-06, "reject_non_steady": 1, "penalize_non_steady": 0, "steady_state_threshold_abs": 1e-06, "steady_state_threshold_rel": 0.001, "steady_state_penalty_rel": 1e-08, "rel_tol_ode": 1e-07, "abs_tol_ode": 1e-07, "max_num_steps_ode": 1000000, "rel_tol_alg": 1e-05, "abs_tol_alg": 1e-05, "max_num_steps_alg": 1000000, "conc_init": [[0.59, 0.38], [0.54, 0.38]]}
